Question,Expected,Predicted,Score
"Analyze the government's disinvestment performance over the last five years. What is the target for 2025-26, and how does the document characterize the success of achieving these targets in recent years?","Disinvestment targets have not been achieved for five consecutive years. The target for 2025-26 is Rs 47,000 crore, which is lower than the 2024-25 target of Rs 50,000 crore. In 2024-25, the government is estimated to meet only 66% of its target.","Here is a comprehensive analysis of the government's disinvestment performance based on the document:

---

## 🏦 Disinvestment Analysis — Union Budget 2025-26

### What is Disinvestment?
The document defines disinvestment as **the government selling its stakes in Public Sector Undertakings (PSUs)**. It falls under ""Other Capital Receipts"" in the budget.

---

### 📉 Five-Year Performance at a Glance

| Year | Budget Target (₹ crore) | Revised/Actual (₹ crore) | Achievement |
|---|---|---|---|
| 2020-21 to 2022-23 | *(declining each year)* | *(missed each year)* | Not achieved |
| **2023-24** | — | **₹33,122 crore** *(Actuals)* | Not achieved vs target |
| **2024-25** | ₹50,000 crore | **₹33,000 crore** *(Revised Est.)* | **~66% of target** |
| **2025-26** | **₹47,000 crore** | — | Target set |

> *Note: A disinvestment chart (Figure on page 3) in the document visually plots targets vs. actuals over the years.*

---

### 🎯 Target for 2025-26
- The disinvestment target is set at **₹47,000 crore** — a **₹3,000 crore reduction** from the 2024-25 budget estimate of ₹50,000 crore.
- Against the 2024-25 **revised estimate** of ₹33,000 crore, the 2025-26 target represents a jump of **42.4%**.

---

### 📋 How the Document Characterizes Performance

The document is notably candid and critical in three key statements:

1. **Repeated Failure to Meet Targets:**
   > *""Disinvestment targets have reduced for the **fifth consecutive year** and have **not been achieved in any of these years**.""*

2. **2024-25 Shortfall:**
   > *""In 2024-25, the government is estimated to meet **only 66%** of its disinvestment target.""*

3. **Impact on Overall Receipts:**
   > *""Revised estimates for 2024-25 are 24.4% lower than the budgeted amount for that year. **Lower receipts are estimated due to underachievement of disinvestment targets**.""*

---

### 🔑 Key Takeaways

| Dimension | Observation |
|---|---|
| **Trend** | Targets have been **steadily lowered** for 5 straight years |
| **Execution** | Targets have been **consistently missed** across all five years |
| **2025-26 Target** | ₹47,000 crore — **modest and conservative** relative to past ambitions |
| **Budget Impact** | Persistent underperformance has dragged down **total capital receipts**, widening the gap between budget estimates and actuals |

In essence, the document paints a picture of **structural underperformance** in disinvestment — a policy that has been progressively scaled back yet still remains unmet — raising questions about the government's execution capability and appetite for PSU stake sales.",100.0
"Summarize all major initiatives proposed for MSMEs and micro-enterprises in the 2025-26 budget, including credit guarantees, classification changes, and specific financial instruments.","Key initiatives include: (i) Doubling investment and turnover limits for MSME classification, (ii) Increasing credit guarantee cover to Rs 10 crore for small enterprises and Rs 20 crore for startups and exporters, and (iii) Providing 10 lakh UPI-linked credit cards with a Rs 5 lakh limit for micro-enterprises registered on the Udyam portal.","Here is a comprehensive summary of all major MSME and micro-enterprise initiatives in the Union Budget 2025-26:

---

## 🏭 MSME & Micro-Enterprise Initiatives — Budget 2025-26

### 1. 📈 Revised MSME Classification Limits
- **Investment and turnover thresholds** for classifying enterprises as MSMEs will be **at least doubled**.
- This expansion will bring more businesses under the MSME umbrella, enabling them to access government support, subsidies, and credit schemes.

---

### 2. 🛡️ Enhanced Credit Guarantee Cover
The credit guarantee cover has been significantly increased across three categories:

| Category | Previous Limit | New Limit |
|---|---|---|
| Micro & Small Enterprises | ₹5 crore | **₹10 crore** |
| Start-ups | ₹10 crore | **₹20 crore** |
| Exporter MSMEs | — | **Up to ₹20 crore** |

This directly reduces collateral risk for lenders and is intended to unlock formal credit for smaller businesses.

---

### 3. 💳 Udyam Credit Cards for Micro Enterprises
- **10 lakh credit cards** with a **credit limit of ₹5 lakh each** will be issued to micro enterprises registered on the **Udyam portal** within the first year of the scheme.
- Provides quick, structured access to working capital for the smallest businesses.

---

### 4. 🏪 PM SVANidhi Scheme — Revamp for Street Vendors (Micro-Enterprises)
- The PM SVANidhi scheme (affordable loans for street vendors) will be **revamped** to provide:
  - **UPI-linked credit cards** with a ₹30,000 limit
  - **Enhanced bank loans**
  - **Capacity-building support**

---

### 5. 👩‍💼 Loans for First-Time Entrepreneurs
- A new scheme will provide **loans up to ₹2 crore** to **5 lakh first-time entrepreneurs** from women, Scheduled Castes, and Scheduled Tribes — a segment that heavily overlaps with the micro-enterprise sector.

---

### Summary of Key Financial Numbers

| Instrument | Amount/Benefit |
|---|---|
| Credit guarantee for micro & small enterprises | Up to ₹10 crore |
| Credit guarantee for exporter MSMEs | Up to ₹20 crore |
| Udyam credit cards (micro enterprises) | 10 lakh cards @ ₹5 lakh each |
| PM SVANidhi UPI credit card limit | ₹30,000 per street vendor |
| First-time entrepreneur loans | ₹2 crore per beneficiary (5 lakh recipients) |

---

Taken together, these measures aim to **widen access to formal credit**, **reduce barriers to classification**, and **introduce targeted financial instruments** for micro-enterprises across urban and rural India.",100.0
Explain the shift from customs duty to the Agriculture Infrastructure and Development Cess (AIDC) as mentioned in the Finance Bill. What is the stated impact of this shift on the revenue shared with states?,"While the overall tax on items like solar cells and motor vehicles remains similar, there is a shift from customs duty to AIDC cess. This results in a lower proportion of revenue being shared with states because cesses are not part of the shareable tax pool.","Here is a clear breakdown of what the document says on this topic:

---

## The Customs Duty → AIDC Shift

### What Changed
Under the Finance Bill 2025-26, the government **reduced customs duty** on certain items while simultaneously **introducing the Agriculture Infrastructure and Development Cess (AIDC)**. The items explicitly mentioned include **solar cells** and **motor vehicles**.

The document notes that:
> *""The overall tax has remained similar to earlier levels.""*

In other words, the **total tax burden on the consumer/importer is broadly unchanged** — the government has simply restructured *how* that tax is collected, replacing part of the customs duty with the AIDC.

---

### Impact on Revenue Shared with States

This is the critical fiscal consequence of the shift. The document explicitly states:

> *""However, there has been a shift from customs duty to cess, resulting in a **lower proportion to be shared with states**.""*

Here's why this matters:

| Tax Type | Shared with States? |
|---|---|
| **Customs Duty** | ✅ Yes — forms part of the divisible pool under the Finance Commission's tax devolution formula |
| **Cess (AIDC)** | ❌ No — cesses are **excluded** from the divisible pool and accrue entirely to the Centre |

By converting a portion of customs duty revenue into AIDC cess revenue, the **Centre retains a larger share** of the total tax collection, while **states receive proportionally less** even though the headline tax rate on goods hasn't changed.

---

### In Summary
This is a fiscal architecture move: by keeping consumer-facing tax rates stable but routing more revenue through a cess (which bypasses state devolution), the Centre effectively **strengthens its own revenue position at the cost of states' share** in the tax pool — a pattern that has drawn attention in previous budgets as well (e.g., fuel cesses).",100.0
Describe the new three-year pipeline requirement for infrastructure ministries and the specific maritime and aviation infrastructure missions announced. What are the targets for these missions?,"Infrastructure ministries must formulate a three-year pipeline of PPP projects. A Maritime Development Fund (Rs 25,000 crore corpus, 49% govt contribution) will be set up. A modified UDAN scheme aims to connect 120 new destinations and carry 4 crore passengers in the next 10 years.","Here's a detailed breakdown of the three areas you asked about from the Union Budget 2025-26:

---

## 📋 Three-Year PPP Project Pipeline

Each **infrastructure-related ministry** is required to formulate a **three-year pipeline of projects** that can be implemented in **Public-Private Partnership (PPP) mode**. This is designed to improve forward planning, attract private investment, and ensure a steady flow of infrastructure projects ready for execution.

---

## ✈️ Aviation Infrastructure — Modified UDAN Scheme

The budget announces a **modified UDAN (Ude Desh ka Aam Naagrik) scheme** for aviation connectivity, with the following targets:

- **120 new destinations** to receive improved connectivity
- **4 crore (40 million) passengers** to be carried over the **next 10 years**

---

## 🚢 Maritime Infrastructure — Maritime Development Fund

A dedicated **Maritime Development Fund** is announced with the following structure and targets:

- **Total corpus:** ₹25,000 crore
- **Government contribution:** 49% (the remaining 51% to come from other stakeholders/private sector)

---

### Summary Table

| Mission | Key Target | Financial Commitment |
|---|---|---|
| Modified UDAN (Aviation) | 120 new destinations; 4 crore passengers in 10 years | Not separately quantified |
| Maritime Development Fund | Boost maritime infrastructure | ₹25,000 crore corpus (49% govt.) |
| PPP Project Pipeline | 3-year rolling pipeline per infrastructure ministry | Supported by 2nd asset monetisation plan (2025–30) |

The PPP pipeline requirement is complemented by a **second asset monetisation plan for 2025–30**, which is intended to unlock value from existing public assets to fund new infrastructure.",100.0
How does the budget justify the 18.5% increase in allocation for women and children's welfare? Mention the specific linkage to the Pradhan Mantri Awas Yojana and the ownership rules that drive this increase.,"The allocation is Rs 5,65,161 crore. The increase is justified by higher PMAY allocation, as the female head of the family must be the owner or co-owner of the house, thus qualifying the expenditure under women's welfare.","Here is a precise breakdown of how the budget justifies the **18.5% increase** in women and children's welfare allocation:

---

## 📊 Overall Allocation

Programmes for the welfare of **women and children combined** are allocated **₹5,65,161 crore** in 2025-26 — an increase of **18.5%** over the revised estimate (RE) of 2024-25. Within this:

| Category | RE 2024-25 (₹ cr) | BE 2025-26 (₹ cr) | % Change |
|---|---|---|---|
| **Welfare of Women** | 3,76,529 | 4,49,029 | **+19.3%** |
| **Welfare of Children** | 1,00,445 | 1,16,133 | **+15.6%** |

---

## 🏠 The PMAY Linkage — The Primary Driver

The budget **explicitly states** that the increase in the women's welfare allocation is **driven by higher allocation towards the Pradhan Mantri Awas Yojana (PMAY)**. The numbers confirm this:

| PMAY Component | RE 2024-25 (₹ cr) | BE 2025-26 (₹ cr) | % Change |
|---|---|---|---|
| PMAY – Rural | 32,426 | 54,832 | **+69.1%** |
| PMAY – Urban | 15,170 | 23,294 | **+53.6%** |
| **Combined PMAY** | **47,596** | **78,126** | **+64%** |

This dramatic ~64% jump in PMAY allocation directly inflates the ""welfare of women"" budget line.

---

## 👩 The Ownership Rule — The Structural Justification

The budget provides a clear rationale for why PMAY spending counts as women's welfare expenditure:

> **""Under the Awas Yojana, the female head of the family must be the owner or co-owner of the house.""**

This mandatory **female ownership/co-ownership rule** embedded in PMAY's design means every rupee spent under the scheme is counted as benefiting women, since housing assets are legally vested in their name. As PMAY allocations surge (recovering from a sharp underspend of ~44% in 2024-25), the women's welfare budget correspondingly spikes.

---

## 🔑 In Summary

The 18.5% increase is justified through a **structural accounting linkage**: PMAY's rule requiring female heads of households to be owners/co-owners causes the entire scheme's budget to be tagged under women's welfare. The 2025-26 budget restores PMAY to its full intended scale after a significant underspend the prior year, mechanically producing the headline increase in the women and children welfare figure.",100.0
